CODPROD,MARCA,MODELO,NUMERO_PARTE,DESCRIPCION,COSTO,PRECIO_VENTA,PRECIO_FINAL,MARGEN,UNIDAD,ISV,TIPO_PROD,FOTO,COMENTARIOS,CATEGORIA,DIM_LONGITUD,DIM_ANCHO,DIM_ALTURA,PESO,PRECIO_ESPECIAL,PRECIO_CREDITO,MONTO_PRIMA,PRECIO_VARIABLE,PRECIO_4,PRECIO_5,PRECIO_6,PROVEEDOR,COD_SUCURSAL,CANT_DISPONIBLE,UBICACION
"=""00008""",,,,KM EXTRA,0,8,9.2,100,SET,1523,producto,,,CATEGORIA EJEMPLO,0,0,0,0,0,0,0,0,0,0,0,SIN PROVEEDOR,1,-1,
"=""0003""",,,,KM ADICIONAL,0,3,3.45,100,SET,1523,servicio,,,CATEGORIA EJEMPLO,0,0,0,0,0,0,0,0,0,0,0,SIN PROVEEDOR,1,0,
"=""0004""",,,,KM ADICIONAL,0,4,4.6,100,SET,1523,servicio,,,CATEGORIA EJEMPLO,0,0,0,0,0,0,0,0,0,0,0,SIN PROVEEDOR,1,0,
"=""0005""",,,,KM ADICIONAL,0,5,5.75,100,SET,1523,servicio,,,CATEGORIA EJEMPLO,0,0,0,0,0,0,0,0,0,0,0,SIN PROVEEDOR,1,0,
"=""0006""",,,,KM ADICIONAL,0,6,6.9,100,SET,1523,servicio,,,CATEGORIA EJEMPLO,0,0,0,0,0,0,0,0,0,0,0,SIN PROVEEDOR,1,0,
"=""0007""",,,,KM ADICIONAL,0,7,8.05,100,SET,1523,servicio,,,CATEGORIA EJEMPLO,0,0,0,0,0,0,0,0,0,0,0,SIN PROVEEDOR,1,0,
"=""0008""",,,,KM ADICIONAL,0,8,9.2,100,SET,1523,servicio,,,CATEGORIA EJEMPLO,0,0,0,0,0,0,0,0,0,0,0,SIN PROVEEDOR,1,0,
"=""0009""",,,,KM EXTRA,0,9,10.35,100,SET,1523,servicio,,,CATEGORIA EJEMPLO,0,0,0,0,0,0,0,0,0,0,0,SIN PROVEEDOR,1,0,
"=""001""",,,,Entrega 5 km Bot,0,70,80.5,100,SET,1523,producto,,,CATEGORIA EJEMPLO,0,0,0,0,0,0,0,0,0,0,0,SIN PROVEEDOR,1,-36193,
"=""0010""",,,,KM ADICIONAL,0,10,11.5,100,SET,1523,servicio,,,CATEGORIA EJEMPLO,0,0,0,0,0,0,0,0,0,0,0,SIN PROVEEDOR,1,0,
"=""0011""",,,,KM ADICIONAL,0,11,12.65,100,SET,1523,servicio,,,CATEGORIA EJEMPLO,0,0,0,0,0,0,0,0,0,0,0,SIN PROVEEDOR,1,0,
"=""0012""",,,,KM ADICIONAL,0,12,13.8,100,SET,1523,servicio,,,CATEGORIA EJEMPLO,0,0,0,0,0,0,0,0,0,0,0,SIN PROVEEDOR,1,0,
"=""0016""",,,,KM ADICIONAL,0,16,18.4,100,SET,1523,servicio,,,CATEGORIA EJEMPLO,0,0,0,0,0,0,0,0,0,0,0,SIN PROVEEDOR,1,0,
"=""0019""",,,,KM EXTRA,0,19,21.85,100,SET,1523,producto,,,CATEGORIA EJEMPLO,0,0,0,0,0,0,0,0,0,0,0,SIN PROVEEDOR,1,-1,
"=""002""",,,,KM adicional,0,12,13.8,100,SET,1523,producto,,,CATEGORIA EJEMPLO,0,0,0,0,0,0,0,0,0,0,0,SIN PROVEEDOR,1,-10,
"=""0020""",,,,KM EXTRA,0,20,23.0,100,SET,1523,producto,,,CATEGORIA EJEMPLO,0,0,0,0,0,0,0,0,0,0,0,SIN PROVEEDOR,1,-1,
"=""0024""",,,,KM EXTRA,0,24,27.6,100,SET,1523,producto,,,CATEGORIA EJEMPLO,0,0,0,0,0,0,0,0,0,0,0,SIN PROVEEDOR,1,0,
"=""003""",,,,Entrega 5km Call Center,0,80,92.0,100,SET,1523,producto,,,CATEGORIA EJEMPLO,0,0,0,0,0,0,0,0,0,0,0,SIN PROVEEDOR,1,-1137,
"=""0030""",,,,KM ADICIONAL,0,30,34.5,100,SET,1523,producto,,,CATEGORIA EJEMPLO,0,0,0,0,0,0,0,0,0,0,0,SIN PROVEEDOR,1,-10,
"=""0034""",,,,KM ADICIONAL,0,34,39.1,100,SET,1523,servicio,,,CATEGORIA EJEMPLO,0,0,0,0,0,0,0,0,0,0,0,SIN PROVEEDOR,1,0,
"=""0036""",,,,KM EXTRA,0,36,41.4,100,SET,1523,producto,,,CATEGORIA EJEMPLO,0,0,0,0,0,0,0,0,0,0,0,SIN PROVEEDOR,1,-1,
"=""0038""",,,,KM EXTRA,0,38,43.7,100,SET,1523,producto,,,CATEGORIA EJEMPLO,0,0,0,0,0,0,0,0,0,0,0,SIN PROVEEDOR,1,-1,
"=""004""",,,,Cobertura Adicional BOT,0,125,143.75,100,SET,1523,producto,,,CATEGORIA EJEMPLO,0,0,0,0,0,0,0,0,0,0,0,SIN PROVEEDOR,1,-2,
"=""0042""",,,,KM EXTRA,0,42,48.3,100,SET,1523,producto,,,CATEGORIA EJEMPLO,0,0,0,0,0,0,0,0,0,0,0,SIN PROVEEDOR,1,-3,
"=""0049""",,,,KM EXTRA,0,49,56.35,100,SET,1523,producto,,,CATEGORIA EJEMPLO,0,0,0,0,0,0,0,0,0,0,0,SIN PROVEEDOR,1,-1,
"=""005""",,,,KM Fuera de Ciudad,0,140,161.0,100,SET,1523,producto,,,CATEGORIA EJEMPLO,0,0,0,0,0,0,0,0,0,0,0,SIN PROVEEDOR,1,-3,
"=""0050""",,,,KM ADICIONAL,0,50,57.5,100,SET,1523,servicio,,,CATEGORIA EJEMPLO,0,0,0,0,0,0,0,0,0,0,0,SIN PROVEEDOR,1,0,
"=""00547""",,,,KM EXTRA,0,547,629.05,100,SET,1523,producto,,,CATEGORIA EJEMPLO,0,0,0,0,0,0,0,0,0,0,0,SIN PROVEEDOR,1,-4,
"=""006""",,,,KM Fuera de Ciudad,0,125,143.75,100,SET,1523,producto,,,CATEGORIA EJEMPLO,0,0,0,0,0,0,0,0,0,0,0,SIN PROVEEDOR,1,-21,
"=""007""",,,,KM extra fuera de ciudad ,0,150,172.5,100,SET,1523,producto,,,CATEGORIA EJEMPLO,0,0,0,0,0,0,0,0,0,0,0,SIN PROVEEDOR,1,-63,
"=""0074""",,,,KM EXTRA,0,74,85.1,100,SET,1523,producto,,,CATEGORIA EJEMPLO,0,0,0,0,0,0,0,0,0,0,0,SIN PROVEEDOR,1,-1,
"=""0076""",,,,KM EXTRA,0,76,87.4,100,SET,1523,producto,,,CATEGORIA EJEMPLO,0,0,0,0,0,0,0,0,0,0,0,SIN PROVEEDOR,1,-3,
"=""0077""",,,,KM ADICIONAL,0,77,88.55,100,SET,1523,servicio,,,CATEGORIA EJEMPLO,0,0,0,0,0,0,0,0,0,0,0,SIN PROVEEDOR,1,0,
"=""008""",,,,Envio Fuera de Ciudad,0,200,230.0,100,SET,1523,producto,,,CATEGORIA EJEMPLO,0,0,0,0,0,0,0,0,0,0,0,SIN PROVEEDOR,1,-28,
"=""0081""",,,,KM EXTRA,0,81,93.15,100,SET,1523,producto,,,CATEGORIA EJEMPLO,0,0,0,0,0,0,0,0,0,0,0,SIN PROVEEDOR,1,0,
"=""0082""",,,,KM ADICIONAL,0,82,94.3,100,SET,1523,servicio,,,CATEGORIA EJEMPLO,0,0,0,0,0,0,0,0,0,0,0,SIN PROVEEDOR,1,0,
"=""009""",,,,Base mas KM Adicional,0,68,78.2,100,SET,1523,producto,,,CATEGORIA EJEMPLO,0,0,0,0,0,0,0,0,0,0,0,SIN PROVEEDOR,1,-1,
"=""010""",,,,Base mas KM Adicional,0,73,83.95,100,SET,1523,producto,,,CATEGORIA EJEMPLO,0,0,0,0,0,0,0,0,0,0,0,SIN PROVEEDOR,1,-212,
"=""0100""",,,,KM EXTRA ,0,10,11.5,100,SET,1523,producto,,,CATEGORIA EJEMPLO,0,0,0,0,0,0,0,0,0,0,0,SIN PROVEEDOR,1,-16,
"=""011""",,,,KM ADICIONAL,0,75,86.25,100,SET,1523,producto,,,CATEGORIA EJEMPLO,0,0,0,0,0,0,0,0,0,0,0,SIN PROVEEDOR,1,-93,
"=""012""",,,,KM ADICIONAL,0,91,104.65,100,SET,1523,producto,,,CATEGORIA EJEMPLO,0,0,0,0,0,0,0,0,0,0,0,SIN PROVEEDOR,1,-2,
"=""013""",,,,KM ADICIONAL,0,373,428.95,100,SET,1523,producto,,,CATEGORIA EJEMPLO,0,0,0,0,0,0,0,0,0,0,0,SIN PROVEEDOR,1,-2,
"=""014""",,,,KM ADICIONAL,0,65,74.75,100,SET,1523,servicio,,,CATEGORIA EJEMPLO,0,0,0,0,0,0,0,0,0,0,0,SIN PROVEEDOR,1,0,
"=""0142""",,,,KM ADICIONAL,0,142,163.3,100,SET,1523,servicio,,,CATEGORIA EJEMPLO,0,0,0,0,0,0,0,0,0,0,0,SIN PROVEEDOR,1,0,
"=""0144""",,,,KM EXTRA,0,144,165.6,100,SET,1523,producto,,,CATEGORIA EJEMPLO,0,0,0,0,0,0,0,0,0,0,0,SIN PROVEEDOR,1,-1,
"=""015""",,,,KM ADICIONAL,0,90,103.5,100,SET,1523,servicio,,,CATEGORIA EJEMPLO,0,0,0,0,0,0,0,0,0,0,0,SIN PROVEEDOR,1,0,
"=""016""",,,,KM ADICIONAL,0,190,218.5,100,SET,1523,servicio,,,CATEGORIA EJEMPLO,0,0,0,0,0,0,0,0,0,0,0,SIN PROVEEDOR,1,0,
"=""017""",,,,KM ADICIONAL,0,69,79.35,100,SET,1523,servicio,,,CATEGORIA EJEMPLO,0,0,0,0,0,0,0,0,0,0,0,SIN PROVEEDOR,1,0,
"=""0177""",,,,KM ADICIONAL,0,177,203.55,100,SET,1523,servicio,,,CATEGORIA EJEMPLO,0,0,0,0,0,0,0,0,0,0,0,SIN PROVEEDOR,1,0,
"=""018""",,,,KM ADICIONAL,0,77,88.55,100,SET,1523,servicio,,,CATEGORIA EJEMPLO,0,0,0,0,0,0,0,0,0,0,0,SIN PROVEEDOR,1,0,
"=""019""",,,,KM ADICIONAL,0,86,98.9,100,SET,1523,servicio,,,CATEGORIA EJEMPLO,0,0,0,0,0,0,0,0,0,0,0,SIN PROVEEDOR,1,0,
"=""0193""",,,,KM EXTRA,0,193,221.95,100,SET,1523,producto,,,CATEGORIA EJEMPLO,0,0,0,0,0,0,0,0,0,0,0,SIN PROVEEDOR,1,-1,
"=""020""",,,,KM ADICIONAL,0,62,71.3,100,SET,1523,servicio,,,CATEGORIA EJEMPLO,0,0,0,0,0,0,0,0,0,0,0,SIN PROVEEDOR,1,0,
"=""0209""",,,,KM EXTRA,0,209,240.35,100,SET,1523,producto,,,CATEGORIA EJEMPLO,0,0,0,0,0,0,0,0,0,0,0,SIN PROVEEDOR,1,-3,
"=""021""",,,,KM ADICIONAL,0,85,97.75,100,SET,1523,servicio,,,CATEGORIA EJEMPLO,0,0,0,0,0,0,0,0,0,0,0,SIN PROVEEDOR,1,0,
"=""022""",,,,KM ADICIONAL,0,76,87.4,100,SET,1523,servicio,,,CATEGORIA EJEMPLO,0,0,0,0,0,0,0,0,0,0,0,SIN PROVEEDOR,1,0,
"=""0227""",,,,KM EXTRA,0,227,261.05,100,SET,1523,producto,,,CATEGORIA EJEMPLO,0,0,0,0,0,0,0,0,0,0,0,SIN PROVEEDOR,1,-1,
"=""024""",,,,KM ADICIONAL,0,74,85.1,100,SET,1523,servicio,,,CATEGORIA EJEMPLO,0,0,0,0,0,0,0,0,0,0,0,SIN PROVEEDOR,1,0,
"=""025""",,,,KM ADICIONAL,0,174,200.1,100,SET,1523,servicio,,,CATEGORIA EJEMPLO,0,0,0,0,0,0,0,0,0,0,0,SIN PROVEEDOR,1,0,
"=""026""",,,,KM ADICIONAL,0,98,112.7,100,SET,1523,servicio,,,CATEGORIA EJEMPLO,0,0,0,0,0,0,0,0,0,0,0,SIN PROVEEDOR,1,0,
"=""027""",,,,KM ADICIONAL,0,92,105.8,100,SET,1523,servicio,,,CATEGORIA EJEMPLO,0,0,0,0,0,0,0,0,0,0,0,SIN PROVEEDOR,1,0,
"=""028""",,,,KM ADICIONAL,0,65,74.75,100,SET,1523,servicio,,,CATEGORIA EJEMPLO,0,0,0,0,0,0,0,0,0,0,0,SIN PROVEEDOR,1,0,
"=""029""",,,,KM ADICIONAL,0,81,93.15,100,SET,1523,servicio,,,CATEGORIA EJEMPLO,0,0,0,0,0,0,0,0,0,0,0,SIN PROVEEDOR,1,0,
"=""030""",,,,KM ADICIONAL,0,69,79.35,100,SET,1523,servicio,,,CATEGORIA EJEMPLO,0,0,0,0,0,0,0,0,0,0,0,SIN PROVEEDOR,1,0,
"=""031""",,,,KM ADICIONAL,0,78,89.7,100,SET,1523,servicio,,,CATEGORIA EJEMPLO,0,0,0,0,0,0,0,0,0,0,0,SIN PROVEEDOR,1,0,
"=""032""",,,,KM ADICIONAL,0,94,108.1,100,SET,1523,servicio,,,CATEGORIA EJEMPLO,0,0,0,0,0,0,0,0,0,0,0,SIN PROVEEDOR,1,0,
"=""033""",,,,KM ADICIONAL,0,105,120.75,100,SET,1523,servicio,,,CATEGORIA EJEMPLO,0,0,0,0,0,0,0,0,0,0,0,SIN PROVEEDOR,1,0,
"=""034""",,,,KM ADICIONAL,0,72,82.8,100,SET,1523,servicio,,,CATEGORIA EJEMPLO,0,0,0,0,0,0,0,0,0,0,0,SIN PROVEEDOR,1,0,
"=""035""",,,,KM ADICIONAL,0,82,94.3,100,SET,1523,servicio,,,CATEGORIA EJEMPLO,0,0,0,0,0,0,0,0,0,0,0,SIN PROVEEDOR,1,0,
"=""036""",,,,KM ADICIONAL,0,143,164.45,100,SET,1523,servicio,,,CATEGORIA EJEMPLO,0,0,0,0,0,0,0,0,0,0,0,SIN PROVEEDOR,1,0,
"=""037""",,,,ADICIONAL POR LLUVIA,0,15,17.25,100,SET,1523,servicio,,,CATEGORIA EJEMPLO,0,0,0,0,0,0,0,0,0,0,0,SIN PROVEEDOR,1,0,
"=""038""",,,,KM ADICIONAL,0,71,81.65,100,SET,1523,servicio,,,CATEGORIA EJEMPLO,0,0,0,0,0,0,0,0,0,0,0,SIN PROVEEDOR,1,0,
"=""039""",,,,KM ADICIONAL,0,79,90.85,100,SET,1523,servicio,,,CATEGORIA EJEMPLO,0,0,0,0,0,0,0,0,0,0,0,SIN PROVEEDOR,1,0,
"=""0390""",,,,KM EXTRA,0,390,448.5,100,SET,1523,producto,,,CATEGORIA EJEMPLO,0,0,0,0,0,0,0,0,0,0,0,SIN PROVEEDOR,1,-1,
"=""040""",,,,KM ADICIONAL,0,77,88.55,100,SET,1523,servicio,,,CATEGORIA EJEMPLO,0,0,0,0,0,0,0,0,0,0,0,SIN PROVEEDOR,1,0,
"=""042""",,,,KM ADICIONAL,0,61,70.15,100,SET,1523,servicio,,,CATEGORIA EJEMPLO,0,0,0,0,0,0,0,0,0,0,0,SIN PROVEEDOR,1,0,
"=""043""",,,,KM ADICIONAL,0,135,155.25,100,SET,1523,servicio,,,CATEGORIA EJEMPLO,0,0,0,0,0,0,0,0,0,0,0,SIN PROVEEDOR,1,0,
"=""044""",,,,KM ADICIONAL,0,15,17.25,100,SET,1523,servicio,,,CATEGORIA EJEMPLO,0,0,0,0,0,0,0,0,0,0,0,SIN PROVEEDOR,1,0,
"=""045""",,,,KM ADICIONAL,0,99,113.85,100,SET,1523,servicio,,,CATEGORIA EJEMPLO,0,0,0,0,0,0,0,0,0,0,0,SIN PROVEEDOR,1,0,
"=""046""",,,,KM ADICIONAL,0,103,118.45,100,SET,1523,producto,,,CATEGORIA EJEMPLO,0,0,0,0,0,0,0,0,0,0,0,SIN PROVEEDOR,1,-44,
"=""047""",,,,KM ADICIONAL,0,97,111.55,100,SET,1523,servicio,,,CATEGORIA EJEMPLO,0,0,0,0,0,0,0,0,0,0,0,SIN PROVEEDOR,1,0,
"=""048""",,,,KM ADICIONAL,0,100,115.0,100,SET,1523,producto,,,CATEGORIA EJEMPLO,0,0,0,0,0,0,0,0,0,0,0,SIN PROVEEDOR,1,-71,
"=""049""",,,,KM ADICIONAL,0,134,154.1,100,SET,1523,servicio,,,CATEGORIA EJEMPLO,0,0,0,0,0,0,0,0,0,0,0,SIN PROVEEDOR,1,0,
"=""050""",,,,KM ADICIONAL,0,102,117.3,100,SET,1523,servicio,,,CATEGORIA EJEMPLO,0,0,0,0,0,0,0,0,0,0,0,SIN PROVEEDOR,1,0,
"=""051""",,,,KM ADICIONAL,0,125,143.75,100,SET,1523,servicio,,,CATEGORIA EJEMPLO,0,0,0,0,0,0,0,0,0,0,0,SIN PROVEEDOR,1,0,
"=""052""",,,,KM ADICIONAL,0,70,80.5,100,SET,1523,servicio,,,CATEGORIA EJEMPLO,0,0,0,0,0,0,0,0,0,0,0,SIN PROVEEDOR,1,0,
"=""053""",,,,KM ADICIONAL,0,96,110.4,100,SET,1523,producto,,,CATEGORIA EJEMPLO,0,0,0,0,0,0,0,0,0,0,0,SIN PROVEEDOR,1,-47,
"=""054""",,,,KM ADICIONAL,0,66,75.9,100,SET,1523,producto,,,CATEGORIA EJEMPLO,0,0,0,0,0,0,0,0,0,0,0,SIN PROVEEDOR,1,-9,
"=""0547""",,,,KM EXTRA,0,547,629.05,100,SET,1523,producto,,,CATEGORIA EJEMPLO,0,0,0,0,0,0,0,0,0,0,0,SIN PROVEEDOR,1,0,
"=""055""",,,,KM ADICIONAL,0,126,144.9,100,SET,1523,servicio,,,CATEGORIA EJEMPLO,0,0,0,0,0,0,0,0,0,0,0,SIN PROVEEDOR,1,0,
"=""056""",,,,KM ADICIONAL,0,68,78.2,100,SET,1523,servicio,,,CATEGORIA EJEMPLO,0,0,0,0,0,0,0,0,0,0,0,SIN PROVEEDOR,1,0,
"=""057""",,,,KM ADICIONAL,0,131,150.65,100,SET,1523,servicio,,,CATEGORIA EJEMPLO,0,0,0,0,0,0,0,0,0,0,0,SIN PROVEEDOR,1,0,
"=""058""",,,,KM ADICIONAL,0,91,104.65,100,SET,1523,servicio,,,CATEGORIA EJEMPLO,0,0,0,0,0,0,0,0,0,0,0,SIN PROVEEDOR,1,0,
"=""0582""",,,,KM EXTRA,0,582,669.3,100,SET,1523,producto,,,CATEGORIA EJEMPLO,0,0,0,0,0,0,0,0,0,0,0,SIN PROVEEDOR,1,-1,
"=""059""",,,,KM ADICIONAL,0,89,102.35,100,SET,1523,servicio,,,CATEGORIA EJEMPLO,0,0,0,0,0,0,0,0,0,0,0,SIN PROVEEDOR,1,0,
"=""060""",,,,KM ADICIONAL,0,170,195.5,100,SET,1523,servicio,,,CATEGORIA EJEMPLO,0,0,0,0,0,0,0,0,0,0,0,SIN PROVEEDOR,1,0,
"=""061""",,,,KM ADICIONAL,0,67,77.05,100,SET,1523,servicio,,,CATEGORIA EJEMPLO,0,0,0,0,0,0,0,0,0,0,0,SIN PROVEEDOR,1,0,
"=""062""",,,,KM ADICIONAL,0,87,100.05,100,SET,1523,servicio,,,CATEGORIA EJEMPLO,0,0,0,0,0,0,0,0,0,0,0,SIN PROVEEDOR,1,0,
"=""063""",,,,KM EXTRA,0,77,88.55,100,SET,1523,producto,,,CATEGORIA EJEMPLO,0,0,0,0,0,0,0,0,0,0,0,SIN PROVEEDOR,1,-3,
"=""064""",,,,KM ADICIONAL,0,95,109.25,100,SET,1523,servicio,,,CATEGORIA EJEMPLO,0,0,0,0,0,0,0,0,0,0,0,SIN PROVEEDOR,1,0,
"=""065""",,,,KM ADICIONAL,0,62,71.3,100,SET,1523,servicio,,,CATEGORIA EJEMPLO,0,0,0,0,0,0,0,0,0,0,0,SIN PROVEEDOR,1,0,
"=""066""",,,,KM ADICIONAL,0,68,78.2,100,SET,1523,servicio,,,CATEGORIA EJEMPLO,0,0,0,0,0,0,0,0,0,0,0,SIN PROVEEDOR,1,0,
"=""067""",,,,KM ADICIONAL,0,77,88.55,100,SET,1523,servicio,,,CATEGORIA EJEMPLO,0,0,0,0,0,0,0,0,0,0,0,SIN PROVEEDOR,1,0,
"=""068""",,,,KM ADICIONAL,0,63,72.45,100,SET,1523,servicio,,,CATEGORIA EJEMPLO,0,0,0,0,0,0,0,0,0,0,0,SIN PROVEEDOR,1,0,
"=""069""",,,,KM ADICIONAL,0,231,265.65,100,SET,1523,servicio,,,CATEGORIA EJEMPLO,0,0,0,0,0,0,0,0,0,0,0,SIN PROVEEDOR,1,0,
"=""070""",,,,KM ADICIONAL,0,111,127.65,100,SET,1523,servicio,,,CATEGORIA EJEMPLO,0,0,0,0,0,0,0,0,0,0,0,SIN PROVEEDOR,1,0,
"=""071""",,,,KM ADICIONAL,0,162,186.3,100,SET,1523,servicio,,,CATEGORIA EJEMPLO,0,0,0,0,0,0,0,0,0,0,0,SIN PROVEEDOR,1,0,
"=""072""",,,,KM ADICIONAL,0,129,148.35,100,SET,1523,producto,,,CATEGORIA EJEMPLO,0,0,0,0,0,0,0,0,0,0,0,SIN PROVEEDOR,1,-142,
"=""073""",,,,KM ADICIONAL,0,118,135.7,100,SET,1523,servicio,,,CATEGORIA EJEMPLO,0,0,0,0,0,0,0,0,0,0,0,SIN PROVEEDOR,1,0,
"=""074""",,,,KM ADICIONAL,0,154,177.1,100,SET,1523,servicio,,,CATEGORIA EJEMPLO,0,0,0,0,0,0,0,0,0,0,0,SIN PROVEEDOR,1,0,
"=""075""",,,,KM ADICIONAL,0,145,166.75,100,SET,1523,producto,,,CATEGORIA EJEMPLO,0,0,0,0,0,0,0,0,0,0,0,SIN PROVEEDOR,1,-77,
"=""076""",,,,KM ADICIONAL,0,140,161.0,100,SET,1523,servicio,,,CATEGORIA EJEMPLO,0,0,0,0,0,0,0,0,0,0,0,SIN PROVEEDOR,1,0,
"=""077""",,,,KM ADICIONAL,0,106,121.9,100,SET,1523,servicio,,,CATEGORIA EJEMPLO,0,0,0,0,0,0,0,0,0,0,0,SIN PROVEEDOR,1,0,
"=""078""",,,,KM ADICIONAL,0,109,125.35,100,SET,1523,servicio,,,CATEGORIA EJEMPLO,0,0,0,0,0,0,0,0,0,0,0,SIN PROVEEDOR,1,0,
"=""079""",,,,KM ADICIONAL,0,224,257.6,100,SET,1523,servicio,,,CATEGORIA EJEMPLO,0,0,0,0,0,0,0,0,0,0,0,SIN PROVEEDOR,1,0,
"=""080""",,,,KM ADICIONAL,0,155,178.25,100,SET,1523,servicio,,,CATEGORIA EJEMPLO,0,0,0,0,0,0,0,0,0,0,0,SIN PROVEEDOR,1,0,
"=""081""",,,,KM ADICIONAL,0,121,139.15,100,SET,1523,,,,CATEGORIA EJEMPLO,0,0,0,0,0,0,0,0,0,0,0,SIN PROVEEDOR,1,0,
"=""082""",,,,KM ADICIONAL,0,159,182.85,100,SET,1523,servicio,,,CATEGORIA EJEMPLO,0,0,0,0,0,0,0,0,0,0,0,SIN PROVEEDOR,1,0,
"=""083""",,,,KM ADICIONAL,0,166,190.9,100,SET,1523,servicio,,,CATEGORIA EJEMPLO,0,0,0,0,0,0,0,0,0,0,0,SIN PROVEEDOR,1,0,
"=""084""",,,,KM ADICIONAL,0,147,169.05,100,SET,1523,servicio,,,CATEGORIA EJEMPLO,0,0,0,0,0,0,0,0,0,0,0,SIN PROVEEDOR,1,0,
"=""085""",,,,KM ADICIONAL,0,179,205.85,100,SET,1523,servicio,,,CATEGORIA EJEMPLO,0,0,0,0,0,0,0,0,0,0,0,SIN PROVEEDOR,1,0,
"=""086""",,,,KM ADICIONAL,0,156,179.4,100,SET,1523,servicio,,,CATEGORIA EJEMPLO,0,0,0,0,0,0,0,0,0,0,0,SIN PROVEEDOR,1,0,
"=""087""",,,,KM ADICIONAL,0,190,218.5,100,SET,1523,servicio,,,CATEGORIA EJEMPLO,0,0,0,0,0,0,0,0,0,0,0,SIN PROVEEDOR,1,0,
"=""088""",,,,KM ADICIONAL,0,120,138.0,100,SET,1523,servicio,,,CATEGORIA EJEMPLO,0,0,0,0,0,0,0,0,0,0,0,SIN PROVEEDOR,1,0,
"=""089""",,,,KM ADICIONAL,0,159,182.85,100,SET,1523,servicio,,,CATEGORIA EJEMPLO,0,0,0,0,0,0,0,0,0,0,0,SIN PROVEEDOR,1,0,
"=""090""",,,,KM ADICIONAL,0,224,257.6,100,SET,1523,servicio,,,CATEGORIA EJEMPLO,0,0,0,0,0,0,0,0,0,0,0,SIN PROVEEDOR,1,0,
"=""091""",,,,KM ADICIONAL,0,186,213.9,100,SET,1523,servicio,,,CATEGORIA EJEMPLO,0,0,0,0,0,0,0,0,0,0,0,SIN PROVEEDOR,1,0,
"=""092""",,,,KM ADICIONAL,0,81,93.15,100,SET,1523,servicio,,,CATEGORIA EJEMPLO,0,0,0,0,0,0,0,0,0,0,0,SIN PROVEEDOR,1,0,
"=""093""",,,,KM base totos,0,60,69.0,100,SET,1523,servicio,,,CATEGORIA EJEMPLO,0,0,0,0,0,0,0,0,0,0,0,SIN PROVEEDOR,1,0,
"=""094""",,,,KM ADICIONAL,0,63,72.45,100,SET,1523,servicio,,,CATEGORIA EJEMPLO,0,0,0,0,0,0,0,0,0,0,0,SIN PROVEEDOR,1,0,
"=""097""",,,,KM ADICIONAL,0,123,141.45,100,SET,1523,servicio,,,CATEGORIA EJEMPLO,0,0,0,0,0,0,0,0,0,0,0,SIN PROVEEDOR,1,0,
"=""10""",,,,KM EXTRA,0,10,11.5,100,SET,1523,producto,,,CATEGORIA EJEMPLO,0,0,0,0,0,0,0,0,0,0,0,SIN PROVEEDOR,1,0,
"=""100""",,,,KM ADICIONAL,0,83,95.45,100,SET,1523,servicio,,,CATEGORIA EJEMPLO,0,0,0,0,0,0,0,0,0,0,0,SIN PROVEEDOR,1,0,
"=""1000""",,,,KM EXTRA,0,1611,1851.5,100,SET,1523,producto,,,CATEGORIA EJEMPLO,0,0,0,0,0,0,0,0,0,0,0,SIN PROVEEDOR,1,-1,
"=""101""",,,,KM ADICIONAL,0,88,101.2,100,SET,1523,servicio,,,CATEGORIA EJEMPLO,0,0,0,0,0,0,0,0,0,0,0,SIN PROVEEDOR,1,0,
"=""104""",,,,KM ADICIONAL,0,104,119.6,100,SET,1523,servicio,,,CATEGORIA EJEMPLO,0,0,0,0,0,0,0,0,0,0,0,SIN PROVEEDOR,1,0,
"=""107""",,,,KM ADICIONAL,0,101,116.15,100,SET,1523,servicio,,,CATEGORIA EJEMPLO,0,0,0,0,0,0,0,0,0,0,0,SIN PROVEEDOR,1,0,
"=""108""",,,,KM ADICIONAL,0,108,124.2,100,SET,1523,servicio,,,CATEGORIA EJEMPLO,0,0,0,0,0,0,0,0,0,0,0,SIN PROVEEDOR,1,0,
"=""110""",,,,KM ADICIONAL,0,110,126.5,100,SET,1523,servicio,,,CATEGORIA EJEMPLO,0,0,0,0,0,0,0,0,0,0,0,SIN PROVEEDOR,1,0,
"=""1104""",,,,KM EXTRA,0,1105,1269.6,100,SET,1523,producto,,,CATEGORIA EJEMPLO,0,0,0,0,0,0,0,0,0,0,0,SIN PROVEEDOR,1,-1,
"=""112""",,,,KM ADICIONAL,0,112,128.8,100,SET,1523,servicio,,,CATEGORIA EJEMPLO,0,0,0,0,0,0,0,0,0,0,0,SIN PROVEEDOR,1,0,
"=""1120""",,,,KM EXTRA,0,1121,1288.0,100,SET,1523,producto,,,CATEGORIA EJEMPLO,0,0,0,0,0,0,0,0,0,0,0,SIN PROVEEDOR,1,-1,
"=""113""",,,,KM ADICIONAL,0,113,129.95,100,SET,1523,producto,,,CATEGORIA EJEMPLO,0,0,0,0,0,0,0,0,0,0,0,SIN PROVEEDOR,1,-408,
"=""114""",,,,KM ADICIONAL,0,14,16.1,100,SET,1523,servicio,,,CATEGORIA EJEMPLO,0,0,0,0,0,0,0,0,0,0,0,SIN PROVEEDOR,1,0,
"=""115""",,,,KM ADICIONAL,0,115,132.25,100,SET,1523,servicio,,,CATEGORIA EJEMPLO,0,0,0,0,0,0,0,0,0,0,0,SIN PROVEEDOR,1,0,
"=""115600""",,,,KM ADICIONAL,0,115658,132940.0,100,SET,1523,servicio,,,CATEGORIA EJEMPLO,0,0,0,0,0,0,0,0,0,0,0,SIN PROVEEDOR,1,0,
"=""116""",,,,KM ADICIONAL,0,116,133.4,100,SET,1523,servicio,,,CATEGORIA EJEMPLO,0,0,0,0,0,0,0,0,0,0,0,SIN PROVEEDOR,1,0,
"=""117""",,,,KM ADICIONAL,0,117,134.55,100,SET,1523,servicio,,,CATEGORIA EJEMPLO,0,0,0,0,0,0,0,0,0,0,0,SIN PROVEEDOR,1,0,
"=""119""",,,,KM ADICIONAL,0,119,136.85,100,SET,1523,servicio,,,CATEGORIA EJEMPLO,0,0,0,0,0,0,0,0,0,0,0,SIN PROVEEDOR,1,0,
"=""12""",,,,KM ADICIONAL,0,88,101.2,100,SET,1523,servicio,,,CATEGORIA EJEMPLO,0,0,0,0,0,0,0,0,0,0,0,SIN PROVEEDOR,1,0,
"=""121""",,,,KM ADICIONAL,0,84,96.6,100,SET,1523,servicio,,,CATEGORIA EJEMPLO,0,0,0,0,0,0,0,0,0,0,0,SIN PROVEEDOR,1,0,
"=""122""",,,,KM ADICIONAL,0,122,140.3,100,SET,1523,servicio,,,CATEGORIA EJEMPLO,0,0,0,0,0,0,0,0,0,0,0,SIN PROVEEDOR,1,0,
"=""123""",,,,KM ADICIONAL,0,20,23.0,100,SET,1523,servicio,,,CATEGORIA EJEMPLO,0,0,0,0,0,0,0,0,0,0,0,SIN PROVEEDOR,1,0,
"=""124""",,,,KM ADICIONAL,0,124,142.6,100,SET,1523,servicio,,,CATEGORIA EJEMPLO,0,0,0,0,0,0,0,0,0,0,0,SIN PROVEEDOR,1,0,
"=""126""",,,,KM ADICIONAL,0,26,29.9,100,SET,1523,servicio,,,CATEGORIA EJEMPLO,0,0,0,0,0,0,0,0,0,0,0,SIN PROVEEDOR,1,0,
"=""1260""",,,,KM EXTRA,0,1261,1449.0,100,SET,1523,producto,,,CATEGORIA EJEMPLO,0,0,0,0,0,0,0,0,0,0,0,SIN PROVEEDOR,1,-4,
"=""127""",,,,KM ADICIONAL,0,127,146.05,100,SET,1523,servicio,,,CATEGORIA EJEMPLO,0,0,0,0,0,0,0,0,0,0,0,SIN PROVEEDOR,1,0,
"=""128""",,,,KM EXTRA,0,128,147.2,100,SET,1523,producto,,,CATEGORIA EJEMPLO,0,0,0,0,0,0,0,0,0,0,0,SIN PROVEEDOR,1,-5,
"=""130""",,,,KM ADICIONAL,0,130,149.5,100,SET,1523,servicio,,,CATEGORIA EJEMPLO,0,0,0,0,0,0,0,0,0,0,0,SIN PROVEEDOR,1,0,
"=""132""",,,,KM ADICIONAL,0,132,151.8,100,SET,1523,servicio,,,CATEGORIA EJEMPLO,0,0,0,0,0,0,0,0,0,0,0,SIN PROVEEDOR,1,0,
"=""133""",,,,KM ADICIONAL,0,133,152.95,100,SET,1523,servicio,,,CATEGORIA EJEMPLO,0,0,0,0,0,0,0,0,0,0,0,SIN PROVEEDOR,1,0,
"=""135""",,,,KM ADICIONAL,0,35,40.25,100,SET,1523,servicio,,,CATEGORIA EJEMPLO,0,0,0,0,0,0,0,0,0,0,0,SIN PROVEEDOR,1,0,
"=""136""",,,,KM ADICIONAL,0,136,156.4,100,SET,1523,servicio,,,CATEGORIA EJEMPLO,0,0,0,0,0,0,0,0,0,0,0,SIN PROVEEDOR,1,0,
"=""137""",,,,KM ADICIONAL,0,137,157.55,100,SET,1523,servicio,,,CATEGORIA EJEMPLO,0,0,0,0,0,0,0,0,0,0,0,SIN PROVEEDOR,1,0,
"=""138""",,,,KM ADICIONAL,0,138,158.7,100,SET,1523,servicio,,,CATEGORIA EJEMPLO,0,0,0,0,0,0,0,0,0,0,0,SIN PROVEEDOR,1,0,
"=""139""",,,,KM ADICIONAL,0,139,159.85,100,SET,1523,servicio,,,CATEGORIA EJEMPLO,0,0,0,0,0,0,0,0,0,0,0,SIN PROVEEDOR,1,0,
"=""14""",,,,KM ADICIONAL,0,84,96.6,100,SET,1523,servicio,,,CATEGORIA EJEMPLO,0,0,0,0,0,0,0,0,0,0,0,SIN PROVEEDOR,1,0,
"=""140""",,,,KM EXTRA,0,140,161.0,100,SET,1523,producto,,,CATEGORIA EJEMPLO,0,0,0,0,0,0,0,0,0,0,0,SIN PROVEEDOR,1,-2,
"=""1400""",,,,KM EXTRA,0,1401,1610.0,100,SET,1523,producto,,,CATEGORIA EJEMPLO,0,0,0,0,0,0,0,0,0,0,0,SIN PROVEEDOR,1,-3,
"=""141""",,,,KM ADICIONAL,0,141,162.15,100,SET,1523,servicio,,,CATEGORIA EJEMPLO,0,0,0,0,0,0,0,0,0,0,0,SIN PROVEEDOR,1,0,
"=""142""",,,,KM ADICIONAL,0,114,131.1,100,SET,1523,servicio,,,CATEGORIA EJEMPLO,0,0,0,0,0,0,0,0,0,0,0,SIN PROVEEDOR,1,0,
"=""143""",,,,KM ADICIONAL,0,152,174.8,100,SET,1523,servicio,,,CATEGORIA EJEMPLO,0,0,0,0,0,0,0,0,0,0,0,SIN PROVEEDOR,1,0,
"=""144""",,,,KM ADICIONAL,0,144,165.6,100,SET,1523,servicio,,,CATEGORIA EJEMPLO,0,0,0,0,0,0,0,0,0,0,0,SIN PROVEEDOR,1,0,
"=""145""",,,,ENVIO BASE,0,45,51.75,100,SET,1523,servicio,,,CATEGORIA EJEMPLO,0,0,0,0,0,0,0,0,0,0,0,SIN PROVEEDOR,1,0,
"=""147""",,,,KM ADICIONAL,0,146,167.9,100,SET,1523,servicio,,,CATEGORIA EJEMPLO,0,0,0,0,0,0,0,0,0,0,0,SIN PROVEEDOR,1,0,
"=""1470""",,,,KM EXTRA,0,1471,1690.5,100,SET,1523,producto,,,CATEGORIA EJEMPLO,0,0,0,0,0,0,0,0,0,0,0,SIN PROVEEDOR,1,-1,
"=""148""",,,,KM ADICIONAL,0,148,170.2,100,SET,1523,servicio,,,CATEGORIA EJEMPLO,0,0,0,0,0,0,0,0,0,0,0,SIN PROVEEDOR,1,0,
"=""149""",,,,KM ADICIONAL,0,149,171.35,100,SET,1523,servicio,,,CATEGORIA EJEMPLO,0,0,0,0,0,0,0,0,0,0,0,SIN PROVEEDOR,1,0,
"=""151""",,,,KM ADICIONAL,0,151,173.65,100,SET,1523,servicio,,,CATEGORIA EJEMPLO,0,0,0,0,0,0,0,0,0,0,0,SIN PROVEEDOR,1,0,
"=""152""",,,,KM ADICIONAL,0,142,163.3,100,SET,1523,servicio,,,CATEGORIA EJEMPLO,0,0,0,0,0,0,0,0,0,0,0,SIN PROVEEDOR,1,0,
"=""153""",,,,KM ADICIONAL,0,153,175.95,100,SET,1523,servicio,,,CATEGORIA EJEMPLO,0,0,0,0,0,0,0,0,0,0,0,SIN PROVEEDOR,1,0,
"=""157""",,,,KM ADICIONAL,0,157,180.55,100,SET,1523,servicio,,,CATEGORIA EJEMPLO,0,0,0,0,0,0,0,0,0,0,0,SIN PROVEEDOR,1,0,
"=""158""",,,,KM ADICIONAL,0,158,181.7,100,SET,1523,servicio,,,CATEGORIA EJEMPLO,0,0,0,0,0,0,0,0,0,0,0,SIN PROVEEDOR,1,0,
"=""160""",,,,KM ADICIONAL,0,160,184.0,100,SET,1523,servicio,,,CATEGORIA EJEMPLO,0,0,0,0,0,0,0,0,0,0,0,SIN PROVEEDOR,1,-2,
"=""161""",,,,KM ADICIONAL,0,151,173.65,100,SET,1523,servicio,,,CATEGORIA EJEMPLO,0,0,0,0,0,0,0,0,0,0,0,SIN PROVEEDOR,1,0,
"=""163""",,,,KM ADICIONAL,0,163,187.45,100,SET,1523,servicio,,,CATEGORIA EJEMPLO,0,0,0,0,0,0,0,0,0,0,0,SIN PROVEEDOR,1,0,
"=""164""",,,,KM ADICIONAL,0,164,188.6,100,SET,1523,servicio,,,CATEGORIA EJEMPLO,0,0,0,0,0,0,0,0,0,0,0,SIN PROVEEDOR,1,0,
"=""165""",,,,KM ADICIONAL,0,165,189.75,100,SET,1523,servicio,,,CATEGORIA EJEMPLO,0,0,0,0,0,0,0,0,0,0,0,SIN PROVEEDOR,1,0,
"=""167""",,,,KM ADICIONAL,0,167,192.05,100,SET,1523,servicio,,,CATEGORIA EJEMPLO,0,0,0,0,0,0,0,0,0,0,0,SIN PROVEEDOR,1,0,
"=""168""",,,,KM ADICIONAL ,0,168,193.2,100,SET,1523,servicio,,,CATEGORIA EJEMPLO,0,0,0,0,0,0,0,0,0,0,0,SIN PROVEEDOR,1,0,
"=""169""",,,,KM ADICIONAL,0,169,194.35,100,SET,1523,servicio,,,CATEGORIA EJEMPLO,0,0,0,0,0,0,0,0,0,0,0,SIN PROVEEDOR,1,0,
"=""171""",,,,KM EXTRA,0,171,196.65,100,SET,1523,producto,,,CATEGORIA EJEMPLO,0,0,0,0,0,0,0,0,0,0,0,SIN PROVEEDOR,1,-2,
"=""172""",,,,KM ADICIONAL,0,172,197.8,100,SET,1523,servicio,,,CATEGORIA EJEMPLO,0,0,0,0,0,0,0,0,0,0,0,SIN PROVEEDOR,1,0,
"=""173""",,,,KM ADICIONAL,0,173,198.95,100,SET,1523,servicio,,,CATEGORIA EJEMPLO,0,0,0,0,0,0,0,0,0,0,0,SIN PROVEEDOR,1,0,
"=""175""",,,,KM ADICIONAL,0,175,201.25,100,SET,1523,servicio,,,CATEGORIA EJEMPLO,0,0,0,0,0,0,0,0,0,0,0,SIN PROVEEDOR,1,0,
"=""176""",,,,KM ADICIONAL,0,176,202.4,100,SET,1523,servicio,,,CATEGORIA EJEMPLO,0,0,0,0,0,0,0,0,0,0,0,SIN PROVEEDOR,1,0,
"=""177""",,,,KM ADICIONAL,0,117,134.55,100,SET,1523,servicio,,,CATEGORIA EJEMPLO,0,0,0,0,0,0,0,0,0,0,0,SIN PROVEEDOR,1,0,
"=""178""",,,,KM EXTRA,0,178,204.7,100,SET,1523,producto,,,CATEGORIA EJEMPLO,0,0,0,0,0,0,0,0,0,0,0,SIN PROVEEDOR,1,-1,
"=""180""",,,,KM EXTRA,0,180,207.0,100,SET,1523,producto,,,CATEGORIA EJEMPLO,0,0,0,0,0,0,0,0,0,0,0,SIN PROVEEDOR,1,-2,
"=""181""",,,,KM ADICIONAL,0,181,208.15,100,SET,1523,servicio,,,CATEGORIA EJEMPLO,0,0,0,0,0,0,0,0,0,0,0,SIN PROVEEDOR,1,0,
"=""182""",,,,KM ADICIONAL,0,182,209.3,100,SET,1523,servicio,,,CATEGORIA EJEMPLO,0,0,0,0,0,0,0,0,0,0,0,SIN PROVEEDOR,1,-1,
"=""183""",,,,KM ADICIONAL,0,183,210.45,100,SET,1523,servicio,,,CATEGORIA EJEMPLO,0,0,0,0,0,0,0,0,0,0,0,SIN PROVEEDOR,1,0,
"=""184""",,,,KM ADICIONAL,0,184,211.6,100,SET,1523,servicio,,,CATEGORIA EJEMPLO,0,0,0,0,0,0,0,0,0,0,0,SIN PROVEEDOR,1,0,
"=""185""",,,,KM ADICIONAL,0,185,212.75,100,SET,1523,servicio,,,CATEGORIA EJEMPLO,0,0,0,0,0,0,0,0,0,0,0,SIN PROVEEDOR,1,0,
"=""187""",,,,KM ADICIONAL,0,187,215.05,100,SET,1523,servicio,,,CATEGORIA EJEMPLO,0,0,0,0,0,0,0,0,0,0,0,SIN PROVEEDOR,1,0,
"=""189""",,,,KM ADICIONAL,0,189,217.35,100,SET,1523,servicio,,,CATEGORIA EJEMPLO,0,0,0,0,0,0,0,0,0,0,0,SIN PROVEEDOR,1,0,
"=""1890""",,,,KM EXTRA,0,1891,2173.5,100,SET,1523,producto,,,CATEGORIA EJEMPLO,0,0,0,0,0,0,0,0,0,0,0,SIN PROVEEDOR,1,-1,
"=""1903""",,,,KM EXTRA,0,1904,2188.45,100,SET,1523,producto,,,CATEGORIA EJEMPLO,0,0,0,0,0,0,0,0,0,0,0,SIN PROVEEDOR,1,-1,
"=""191""",,,,KM ADICIONAL,0,191,219.65,100,SET,1523,servicio,,,CATEGORIA EJEMPLO,0,0,0,0,0,0,0,0,0,0,0,SIN PROVEEDOR,1,0,
"=""192""",,,,KM ADICIONAL,0,192,220.8,100,SET,1523,servicio,,,CATEGORIA EJEMPLO,0,0,0,0,0,0,0,0,0,0,0,SIN PROVEEDOR,1,0,
"=""193""",,,,KM ADICIONAL,0,93,106.95,100,SET,1523,servicio,,,CATEGORIA EJEMPLO,0,0,0,0,0,0,0,0,0,0,0,SIN PROVEEDOR,1,0,
"=""195""",,,,KM EXTRA,0,195,224.25,100,SET,1523,producto,,,CATEGORIA EJEMPLO,0,0,0,0,0,0,0,0,0,0,0,SIN PROVEEDOR,1,-1,
"=""196""",,,,KM ADICIONAL,0,196,225.4,100,SET,1523,servicio,,,CATEGORIA EJEMPLO,0,0,0,0,0,0,0,0,0,0,0,SIN PROVEEDOR,1,0,
"=""197""",,,,KM ADICIONAL,0,197,226.55,100,SET,1523,servicio,,,CATEGORIA EJEMPLO,0,0,0,0,0,0,0,0,0,0,0,SIN PROVEEDOR,1,0,
"=""199""",,,,KM ADICIONAL,0,199,228.85,100,SET,1523,servicio,,,CATEGORIA EJEMPLO,0,0,0,0,0,0,0,0,0,0,0,SIN PROVEEDOR,1,0,
"=""2000""",,,,KM EXTRA,0,240,276.0,100,SET,1523,producto,,,CATEGORIA EJEMPLO,0,0,0,0,0,0,0,0,0,0,0,SIN PROVEEDOR,1,-1,
"=""201""",,,,KM ADICIONAL,0,201,231.15,100,SET,1523,servicio,,,CATEGORIA EJEMPLO,0,0,0,0,0,0,0,0,0,0,0,SIN PROVEEDOR,1,0,
"=""202""",,,,KM ADICIONAL,0,154,177.0,100,SET,1523,servicio,,,CATEGORIA EJEMPLO,0,0,0,0,0,0,0,0,0,0,0,SIN PROVEEDOR,1,0,
"=""203""",,,,KM EXTRA,0,203,233.45,100,SET,1523,producto,,,CATEGORIA EJEMPLO,0,0,0,0,0,0,0,0,0,0,0,SIN PROVEEDOR,1,-1,
"=""204""",,,,KM ADICIONAL,204,204,234.6,0,SET,1523,servicio,,,CATEGORIA EJEMPLO,0,0,0,0,0,0,0,0,0,0,0,SIN PROVEEDOR,1,0,
"=""205""",,,,KM ADICIONAL,0,205,235.75,100,SET,1523,servicio,,,CATEGORIA EJEMPLO,0,0,0,0,0,0,0,0,0,0,0,SIN PROVEEDOR,1,0,
"=""206""",,,,KM ADICIONAL,0,206,236.9,100,SET,1523,servicio,,,CATEGORIA EJEMPLO,0,0,0,0,0,0,0,0,0,0,0,SIN PROVEEDOR,1,0,
"=""207""",,,,KM ADICIONAL,0,107,123.05,100,SET,1523,servicio,,,CATEGORIA EJEMPLO,0,0,0,0,0,0,0,0,0,0,0,SIN PROVEEDOR,1,0,
"=""208""",,,,KM ADICIONAL,0,208,239.2,100,SET,1523,servicio,,,CATEGORIA EJEMPLO,0,0,0,0,0,0,0,0,0,0,0,SIN PROVEEDOR,1,0,
"=""209""",,,,KM ADICIONAL,0,209,240.35,100,SET,1523,servicio,,,CATEGORIA EJEMPLO,0,0,0,0,0,0,0,0,0,0,0,SIN PROVEEDOR,1,0,
"=""210""",,,,KM ADICIONAL,0,210,241.5,100,SET,1523,servicio,,,CATEGORIA EJEMPLO,0,0,0,0,0,0,0,0,0,0,0,SIN PROVEEDOR,1,0,
"=""211""",,,,KM ADICIONAL,0,211,242.65,100,SET,1523,servicio,,,CATEGORIA EJEMPLO,0,0,0,0,0,0,0,0,0,0,0,SIN PROVEEDOR,1,0,
"=""212""",,,,KM ADICIONAL,0,212,243.8,100,SET,1523,servicio,,,CATEGORIA EJEMPLO,0,0,0,0,0,0,0,0,0,0,0,SIN PROVEEDOR,1,0,
"=""216""",,,,KM ADICIONAL,0,116,133.4,100,SET,1523,servicio,,,CATEGORIA EJEMPLO,0,0,0,0,0,0,0,0,0,0,0,SIN PROVEEDOR,1,0,
"=""217""",,,,KM ADICIONAL,0,117,134.55,100,SET,1523,servicio,,,CATEGORIA EJEMPLO,0,0,0,0,0,0,0,0,0,0,0,SIN PROVEEDOR,1,0,
"=""218""",,,,KM ADICIONAL,0,218,250.7,100,SET,1523,servicio,,,CATEGORIA EJEMPLO,0,0,0,0,0,0,0,0,0,0,0,SIN PROVEEDOR,1,0,
"=""219""",,,,KM ADICIONAL,0,218,250.7,100,SET,1523,servicio,,,CATEGORIA EJEMPLO,0,0,0,0,0,0,0,0,0,0,0,SIN PROVEEDOR,1,0,
"=""220""",,,,KM ADICIONAL,0,220,253.0,100,SET,1523,servicio,,,CATEGORIA EJEMPLO,0,0,0,0,0,0,0,0,0,0,0,SIN PROVEEDOR,1,0,
"=""223""",,,,KM EXTRA,0,223,256.45,100,SET,1523,producto,,,CATEGORIA EJEMPLO,0,0,0,0,0,0,0,0,0,0,0,SIN PROVEEDOR,1,-1,
"=""225""",,,,KM ADICIONAL,0,225,258.75,100,SET,1523,servicio,,,CATEGORIA EJEMPLO,0,0,0,0,0,0,0,0,0,0,0,SIN PROVEEDOR,1,0,
"=""227""",,,,KM ADICIONAL,0,127,146.05,100,SET,1523,servicio,,,CATEGORIA EJEMPLO,0,0,0,0,0,0,0,0,0,0,0,SIN PROVEEDOR,1,0,
"=""228""",,,,KM ADICIONAL,0,228,262.2,100,SET,1523,servicio,,,CATEGORIA EJEMPLO,0,0,0,0,0,0,0,0,0,0,0,SIN PROVEEDOR,1,0,
"=""230""",,,,KM ADICIONAL,0,230,264.5,100,SET,1523,servicio,,,CATEGORIA EJEMPLO,0,0,0,0,0,0,0,0,0,0,0,SIN PROVEEDOR,1,0,
"=""233""",,,,KM ADICIONAL,0,233,267.95,100,SET,1523,servicio,,,CATEGORIA EJEMPLO,0,0,0,0,0,0,0,0,0,0,0,SIN PROVEEDOR,1,0,
"=""235""",,,,KM ADICIONAL,0,35,40.25,100,SET,1523,servicio,,,CATEGORIA EJEMPLO,0,0,0,0,0,0,0,0,0,0,0,SIN PROVEEDOR,1,0,
"=""236""",,,,KM EXTRA,0,235,270.25,100,SET,1523,producto,,,CATEGORIA EJEMPLO,0,0,0,0,0,0,0,0,0,0,0,SIN PROVEEDOR,1,-1,
"=""237""",,,,KM EXTRA,0,237,272.55,100,SET,1523,producto,,,CATEGORIA EJEMPLO,0,0,0,0,0,0,0,0,0,0,0,SIN PROVEEDOR,1,-1,
"=""240""",,,,KM EXTRA,0,261,300.0,100,SET,1523,producto,,,CATEGORIA EJEMPLO,0,0,0,0,0,0,0,0,0,0,0,SIN PROVEEDOR,1,0,
"=""2400""",,,,KM EXTRA,0,240,276.0,100,SET,1523,producto,,,CATEGORIA EJEMPLO,0,0,0,0,0,0,0,0,0,0,0,SIN PROVEEDOR,1,-1,
"=""241""",,,,KM ADICIONAL,0,241,277.15,100,SET,1523,servicio,,,CATEGORIA EJEMPLO,0,0,0,0,0,0,0,0,0,0,0,SIN PROVEEDOR,1,0,
"=""242""",,,,KM EXTRA,0,242,277.8,100,SET,1523,producto,,,CATEGORIA EJEMPLO,0,0,0,0,0,0,0,0,0,0,0,SIN PROVEEDOR,1,-17,
"=""245""",,,,KM EXTRA,0,245,281.75,100,SET,1523,producto,,,CATEGORIA EJEMPLO,0,0,0,0,0,0,0,0,0,0,0,SIN PROVEEDOR,1,-1,
"=""2450""",,,,KM EXTRA,0,2451,2817.5,100,SET,1523,producto,,,CATEGORIA EJEMPLO,0,0,0,0,0,0,0,0,0,0,0,SIN PROVEEDOR,1,-1,
"=""246""",,,,KM ADICIONAL,0,46,52.9,100,SET,1523,servicio,,,CATEGORIA EJEMPLO,0,0,0,0,0,0,0,0,0,0,0,SIN PROVEEDOR,1,0,
"=""249""",,,,KM EXTRA,0,249,286.35,100,SET,1523,producto,,,CATEGORIA EJEMPLO,0,0,0,0,0,0,0,0,0,0,0,SIN PROVEEDOR,1,-1,
"=""250""",,,,KM ADICIONAL,0,250,287.5,100,SET,1523,servicio,,,CATEGORIA EJEMPLO,0,0,0,0,0,0,0,0,0,0,0,SIN PROVEEDOR,1,0,
"=""251""",,,,KM ADICIONAL ,0,251,288.65,100,SET,1523,servicio,,,CATEGORIA EJEMPLO,0,0,0,0,0,0,0,0,0,0,0,SIN PROVEEDOR,1,0,
"=""254""",,,,KM EXTRA,0,254,292.5,100,SET,1523,producto,,,CATEGORIA EJEMPLO,0,0,0,0,0,0,0,0,0,0,0,SIN PROVEEDOR,1,-2,
"=""257""",,,,KM ADICIONAL,0,257,295.55,100,SET,1523,servicio,,,CATEGORIA EJEMPLO,0,0,0,0,0,0,0,0,0,0,0,SIN PROVEEDOR,1,0,
"=""258""",,,,KM ADICIONAL,0,258,296.7,100,SET,1523,servicio,,,CATEGORIA EJEMPLO,0,0,0,0,0,0,0,0,0,0,0,SIN PROVEEDOR,1,0,
"=""258.""",,,,KM EXTRA,0,258,296.7,100,SET,1523,producto,,,CATEGORIA EJEMPLO,0,0,0,0,0,0,0,0,0,0,0,SIN PROVEEDOR,1,-1,
"=""261""",,,,KM ADICIONAL,0,161,185.15,100,SET,1523,servicio,,,CATEGORIA EJEMPLO,0,0,0,0,0,0,0,0,0,0,0,SIN PROVEEDOR,1,0,
"=""262""",,,,KM EXTRA,0,262,301.3,100,SET,1523,producto,,,CATEGORIA EJEMPLO,0,0,0,0,0,0,0,0,0,0,0,SIN PROVEEDOR,1,-1,
"=""264""",,,,KM ADICIONAL,0,264,303.6,100,SET,1523,servicio,,,CATEGORIA EJEMPLO,0,0,0,0,0,0,0,0,0,0,0,SIN PROVEEDOR,1,0,
"=""267""",,,,KM ADICIONAL,0,267,307.05,100,SET,1523,servicio,,,CATEGORIA EJEMPLO,0,0,0,0,0,0,0,0,0,0,0,SIN PROVEEDOR,1,0,
"=""269""",,,,KM ADICIONAL,0,269,309.35,100,SET,1523,servicio,,,CATEGORIA EJEMPLO,0,0,0,0,0,0,0,0,0,0,0,SIN PROVEEDOR,1,0,
"=""270""",,,,KM EXTR,0,270,310.5,100,SET,1523,producto,,,CATEGORIA EJEMPLO,0,0,0,0,0,0,0,0,0,0,0,SIN PROVEEDOR,1,-1,
"=""276""",,,,KM ADICIONAL,0,276,317.4,100,SET,1523,servicio,,,CATEGORIA EJEMPLO,0,0,0,0,0,0,0,0,0,0,0,SIN PROVEEDOR,1,0,
"=""277""",,,,KM ADICIONAL,0,177,203.55,100,SET,1523,servicio,,,CATEGORIA EJEMPLO,0,0,0,0,0,0,0,0,0,0,0,SIN PROVEEDOR,1,0,
"=""280""",,,,KM EXTRA,0,280,322.0,100,SET,1523,producto,,,CATEGORIA EJEMPLO,0,0,0,0,0,0,0,0,0,0,0,SIN PROVEEDOR,1,0,
"=""284""",,,,KM ADICIONAL,0,184,211.6,100,SET,1523,servicio,,,CATEGORIA EJEMPLO,0,0,0,0,0,0,0,0,0,0,0,SIN PROVEEDOR,1,0,
"=""285""",,,,KM EXTRA,0,285,327.75,100,SET,1523,producto,,,CATEGORIA EJEMPLO,0,0,0,0,0,0,0,0,0,0,0,SIN PROVEEDOR,1,-1,
"=""286""",,,,KM EXTRA,0,286,328.9,100,SET,1523,producto,,,CATEGORIA EJEMPLO,0,0,0,0,0,0,0,0,0,0,0,SIN PROVEEDOR,1,-1,
"=""287""",,,,KM ADICIONAL,0,287,330.05,100,SET,1523,servicio,,,CATEGORIA EJEMPLO,0,0,0,0,0,0,0,0,0,0,0,SIN PROVEEDOR,1,0,
"=""290""",,,,KM ADICIONAL,0,290,333.5,100,SET,1523,servicio,,,CATEGORIA EJEMPLO,0,0,0,0,0,0,0,0,0,0,0,SIN PROVEEDOR,1,0,
"=""293""",,,,KM ADICIONAL,0,193,221.95,100,SET,1523,servicio,,,CATEGORIA EJEMPLO,0,0,0,0,0,0,0,0,0,0,0,SIN PROVEEDOR,1,0,
"=""298""",,,,KM EXTRA,0,298,342.7,100,SET,1523,producto,,,CATEGORIA EJEMPLO,0,0,0,0,0,0,0,0,0,0,0,SIN PROVEEDOR,1,-1,
"=""300""",,,,KM EXTRA,0,300,345.0,100,SET,1523,producto,,,CATEGORIA EJEMPLO,0,0,0,0,0,0,0,0,0,0,0,SIN PROVEEDOR,1,-5,
"=""3001""",,,,KMEXTRA,0,300,345.0,100,SET,1523,producto,,,CATEGORIA EJEMPLO,0,0,0,0,0,0,0,0,0,0,0,SIN PROVEEDOR,1,-1,
"=""306""",,,,KM ADICIONAL,0,306,351.9,100,SET,1523,servicio,,,CATEGORIA EJEMPLO,0,0,0,0,0,0,0,0,0,0,0,SIN PROVEEDOR,1,0,
"=""307""",,,,KM ADICIONAL,0,207,238.05,100,SET,1523,servicio,,,CATEGORIA EJEMPLO,0,0,0,0,0,0,0,0,0,0,0,SIN PROVEEDOR,1,0,
"=""322""",,,,KM ADICIONAL,0,322,370.3,100,SET,1523,servicio,,,CATEGORIA EJEMPLO,0,0,0,0,0,0,0,0,0,0,0,SIN PROVEEDOR,1,0,
"=""326""",,,,km extra,0,326,374.9,100,SET,1523,producto,,,CATEGORIA EJEMPLO,0,0,0,0,0,0,0,0,0,0,0,SIN PROVEEDOR,1,-1,
"=""333""",,,,KM EXTRA,0,333,382.95,100,SET,1523,producto,,,CATEGORIA EJEMPLO,0,0,0,0,0,0,0,0,0,0,0,SIN PROVEEDOR,1,-3,
"=""335""",,,,KM ADICIONAL,0,335,385.25,100,SET,1523,servicio,,,CATEGORIA EJEMPLO,0,0,0,0,0,0,0,0,0,0,0,SIN PROVEEDOR,1,0,
"=""338""",,,,KM ADICIONAL,0,338,388.7,100,SET,1523,servicio,,,CATEGORIA EJEMPLO,0,0,0,0,0,0,0,0,0,0,0,SIN PROVEEDOR,1,0,
"=""340""",,,,KM EXTRA,0,340,391.0,100,SET,1523,producto,,,CATEGORIA EJEMPLO,0,0,0,0,0,0,0,0,0,0,0,SIN PROVEEDOR,1,-1,
"=""350""",,,,KM EXTRA,0,350,402.5,100,SET,1523,producto,,,CATEGORIA EJEMPLO,0,0,0,0,0,0,0,0,0,0,0,SIN PROVEEDOR,1,-1,
"=""354""",,,,KM ADICIONAL,0,354,407.1,100,SET,1523,servicio,,,CATEGORIA EJEMPLO,0,0,0,0,0,0,0,0,0,0,0,SIN PROVEEDOR,1,0,
"=""355""",,,,KM ADICIONAL,0,355,408.25,100,SET,1523,servicio,,,CATEGORIA EJEMPLO,0,0,0,0,0,0,0,0,0,0,0,SIN PROVEEDOR,1,0,
"=""362""",,,,KM EXTRA,0,362,416.3,100,SET,1523,producto,,,CATEGORIA EJEMPLO,0,0,0,0,0,0,0,0,0,0,0,SIN PROVEEDOR,1,-1,
"=""370""",,,,KM ADICIONAL,0,370,425.5,100,SET,1523,servicio,,,CATEGORIA EJEMPLO,0,0,0,0,0,0,0,0,0,0,0,SIN PROVEEDOR,1,0,
"=""376""",,,,KM ADICIONAL,0,376,432.4,100,SET,1523,servicio,,,CATEGORIA EJEMPLO,0,0,0,0,0,0,0,0,0,0,0,SIN PROVEEDOR,1,0,
"=""386""",,,,KM ADICIONAL,0,386,443.9,100,SET,1523,servicio,,,CATEGORIA EJEMPLO,0,0,0,0,0,0,0,0,0,0,0,SIN PROVEEDOR,1,0,
"=""390""",,,,KM EXTRA,0,390,448.5,100,SET,1523,producto,,,CATEGORIA EJEMPLO,0,0,0,0,0,0,0,0,0,0,0,SIN PROVEEDOR,1,-1,
"=""402""",,,,KM ADICIONAL,0,402,462.3,100,SET,1523,servicio,,,CATEGORIA EJEMPLO,0,0,0,0,0,0,0,0,0,0,0,SIN PROVEEDOR,1,0,
"=""405""",,,,KM EXTRA,0,405,465.75,100,SET,1523,producto,,,CATEGORIA EJEMPLO,0,0,0,0,0,0,0,0,0,0,0,SIN PROVEEDOR,1,-5,
"=""407""",,,,KM ADICIONAL,0,7,8.05,100,SET,1523,servicio,,,CATEGORIA EJEMPLO,0,0,0,0,0,0,0,0,0,0,0,SIN PROVEEDOR,1,0,
"=""416""",,,,KM EXTRA,0,416,478.4,100,SET,1523,producto,,,CATEGORIA EJEMPLO,0,0,0,0,0,0,0,0,0,0,0,SIN PROVEEDOR,1,-2,
"=""418""",,,,KM ADICIONAL,0,418,480.7,100,SET,1523,servicio,,,CATEGORIA EJEMPLO,0,0,0,0,0,0,0,0,0,0,0,SIN PROVEEDOR,1,0,
"=""419""",,,,KM EXTRA,0,419,481.85,100,SET,1523,producto,,,CATEGORIA EJEMPLO,0,0,0,0,0,0,0,0,0,0,0,SIN PROVEEDOR,1,-1,
"=""420""",,,,KM EXTRA,0,420,483.0,100,SET,1523,producto,,,CATEGORIA EJEMPLO,0,0,0,0,0,0,0,0,0,0,0,SIN PROVEEDOR,1,-1,
"=""442""",,,,KM ADICIONAL,0,442,508.3,100,SET,1523,servicio,,,CATEGORIA EJEMPLO,0,0,0,0,0,0,0,0,0,0,0,SIN PROVEEDOR,1,0,
"=""450""",,,,KM ADICIONAL,0,450,517.5,100,SET,1523,servicio,,,CATEGORIA EJEMPLO,0,0,0,0,0,0,0,0,0,0,0,SIN PROVEEDOR,1,0,
"=""451""",,,,KM EXTRA,0,451,518.65,100,SET,1523,producto,,,CATEGORIA EJEMPLO,0,0,0,0,0,0,0,0,0,0,0,SIN PROVEEDOR,1,-24,
"=""483""",,,,KM ADICIONAL,0,483,555.45,100,SET,1523,servicio,,,CATEGORIA EJEMPLO,0,0,0,0,0,0,0,0,0,0,0,SIN PROVEEDOR,1,0,
"=""486""",,,,KM ADICIONAL,0,486,558.9,100,SET,1523,servicio,,,CATEGORIA EJEMPLO,0,0,0,0,0,0,0,0,0,0,0,SIN PROVEEDOR,1,0,
"=""496""",,,,KM EXTRA,0,496,570.4,100,SET,1523,producto,,,CATEGORIA EJEMPLO,0,0,0,0,0,0,0,0,0,0,0,SIN PROVEEDOR,1,-1,
"=""498""",,,,KM EXTRA,0,498,572.7,100,SET,1523,producto,,,CATEGORIA EJEMPLO,0,0,0,0,0,0,0,0,0,0,0,SIN PROVEEDOR,1,-1,
"=""515""",,,,KM EXTRA,0,515,592.25,100,SET,1523,producto,,,CATEGORIA EJEMPLO,0,0,0,0,0,0,0,0,0,0,0,SIN PROVEEDOR,1,-1,
"=""547""",,,,KM EXTRA,0,548,629.5,100,SET,1523,producto,,,CATEGORIA EJEMPLO,0,0,0,0,0,0,0,0,0,0,0,SIN PROVEEDOR,1,-18,
"=""549""",,,,KM ADICIONAL,0,549,631.35,100,SET,1523,servicio,,,CATEGORIA EJEMPLO,0,0,0,0,0,0,0,0,0,0,0,SIN PROVEEDOR,1,0,
"=""560""",,,,KM EXTRA,0,560,644.0,100,SET,1523,producto,,,CATEGORIA EJEMPLO,0,0,0,0,0,0,0,0,0,0,0,SIN PROVEEDOR,1,-1,
"=""563""",,,,KM ADICIONAL,0,563,647.45,100,SET,1523,servicio,,,CATEGORIA EJEMPLO,0,0,0,0,0,0,0,0,0,0,0,SIN PROVEEDOR,1,0,
"=""564""",,,,KM EXTRA,0,560,644.0,100,SET,1523,producto,,,CATEGORIA EJEMPLO,0,0,0,0,0,0,0,0,0,0,0,SIN PROVEEDOR,1,-1,
"=""582""",,,,KM EXTRA,0,583,670.0,100,SET,1523,producto,,,CATEGORIA EJEMPLO,0,0,0,0,0,0,0,0,0,0,0,SIN PROVEEDOR,1,-1,
"=""595""",,,,KM EXTRA,0,595,684.25,100,SET,1523,producto,,,CATEGORIA EJEMPLO,0,0,0,0,0,0,0,0,0,0,0,SIN PROVEEDOR,1,-1,
"=""60""",,,,KM base totos,0,60,69.0,100,SET,1523,servicio,,,CATEGORIA EJEMPLO,0,0,0,0,0,0,0,0,0,0,0,SIN PROVEEDOR,1,0,
"=""600""",,,,KM EXTRA,0,600,690.0,100,SET,1523,producto,,,CATEGORIA EJEMPLO,0,0,0,0,0,0,0,0,0,0,0,SIN PROVEEDOR,1,-1,
"=""612""",,,,KM ADICIONAL,0,612,703.8,100,SET,1523,servicio,,,CATEGORIA EJEMPLO,0,0,0,0,0,0,0,0,0,0,0,SIN PROVEEDOR,1,0,
"=""635""",,,,KM EXTRA,0,635,730.25,100,SET,1523,producto,,,CATEGORIA EJEMPLO,0,0,0,0,0,0,0,0,0,0,0,SIN PROVEEDOR,1,-1,
"=""676""",,,,KM EXTRA,0,676,777.4,100,SET,1523,producto,,,CATEGORIA EJEMPLO,0,0,0,0,0,0,0,0,0,0,0,SIN PROVEEDOR,1,-1,
"=""805""",,,,KM ADICIONAL,0,805,925.75,100,SET,1523,servicio,,,CATEGORIA EJEMPLO,0,0,0,0,0,0,0,0,0,0,0,SIN PROVEEDOR,1,0,
"=""81""",,,,KM EXTRA,0,81,93.15,100,SET,1523,producto,,,CATEGORIA EJEMPLO,0,0,0,0,0,0,0,0,0,0,0,SIN PROVEEDOR,1,0,
"=""83""",,,,KM ADICIONAL,0,83,95.45,100,SET,1523,servicio,,,CATEGORIA EJEMPLO,0,0,0,0,0,0,0,0,0,0,0,SIN PROVEEDOR,1,0,
"=""84""",,,,KM ADICIONAL,0,84,96.6,100,SET,1523,servicio,,,CATEGORIA EJEMPLO,0,0,0,0,0,0,0,0,0,0,0,SIN PROVEEDOR,1,0,
"=""88""",,,,KM ADICIONAL,0,88,101.2,100,SET,1523,servicio,,,CATEGORIA EJEMPLO,0,0,0,0,0,0,0,0,0,0,0,SIN PROVEEDOR,1,0,
"=""900""",,,,KM EXTRA,0,900,1035.0,100,SET,1523,producto,,,CATEGORIA EJEMPLO,0,0,0,0,0,0,0,0,0,0,0,SIN PROVEEDOR,1,-1,
"=""93""",,,,KM ADICIONAL,0,93,106.95,100,SET,1523,servicio,,,CATEGORIA EJEMPLO,0,0,0,0,0,0,0,0,0,0,0,SIN PROVEEDOR,1,0,
"=""936""",,,,KM EXTRA,0,936,1076.4,100,SET,1523,producto,,,CATEGORIA EJEMPLO,0,0,0,0,0,0,0,0,0,0,0,SIN PROVEEDOR,1,-1,
"=""971""",,,,KM EXTRA,0,971,1116.65,100,SET,1523,producto,,,CATEGORIA EJEMPLO,0,0,0,0,0,0,0,0,0,0,0,SIN PROVEEDOR,1,-1,
